system,id,expected,predicted
baseline,c01-constant-zero,True,True
baseline,c02-constant-nonzero,False,False
baseline,c03-guarded-equal,True,True
baseline,c04-guarded-return,False,False
baseline,c05-opposing-bounds,True,True
baseline,c06-impossible-bounds,False,False
baseline,c07-difference-equal,True,True
baseline,c08-difference-unequal,False,False
baseline,c09-affine-boundary,True,False
baseline,c10-affine-strict,False,False
baseline,c11-nested-equalities,True,True
baseline,c12-nested-contradiction,False,False
baseline,c13-else-zero,True,True
baseline,c14-else-nonzero,False,False
baseline,c15-modulo-zero,True,True
baseline,c16-modulo-guarded,False,False
baseline,c17-assignment-zero,True,True
baseline,c18-assignment-guarded,False,False
baseline,c19-two-variable-equal,True,False
baseline,c20-two-variable-unequal,False,False
baseline,c21-unconstrained,True,False
baseline,c22-bitwise-nonzero,False,False
baseline,c23-loop-to-zero,True,True
baseline,c24-loop-guarded,False,False
neuro,c01-constant-zero,True,True
neuro,c02-constant-nonzero,False,False
neuro,c03-guarded-equal,True,True
neuro,c04-guarded-return,False,False
neuro,c05-opposing-bounds,True,True
neuro,c06-impossible-bounds,False,False
neuro,c07-difference-equal,True,True
neuro,c08-difference-unequal,False,False
neuro,c09-affine-boundary,True,True
neuro,c10-affine-strict,False,False
neuro,c11-nested-equalities,True,True
neuro,c12-nested-contradiction,False,False
neuro,c13-else-zero,True,True
neuro,c14-else-nonzero,False,False
neuro,c15-modulo-zero,True,True
neuro,c16-modulo-guarded,False,False
neuro,c17-assignment-zero,True,True
neuro,c18-assignment-guarded,False,False
neuro,c19-two-variable-equal,True,True
neuro,c20-two-variable-unequal,False,False
neuro,c21-unconstrained,True,True
neuro,c22-bitwise-nonzero,False,False
neuro,c23-loop-to-zero,True,True
neuro,c24-loop-guarded,False,False
llm_only,c01-constant-zero,True,True
llm_only,c02-constant-nonzero,False,False
llm_only,c03-guarded-equal,True,True
llm_only,c04-guarded-return,False,False
llm_only,c05-opposing-bounds,True,True
llm_only,c06-impossible-bounds,False,False
llm_only,c07-difference-equal,True,True
llm_only,c08-difference-unequal,False,False
llm_only,c09-affine-boundary,True,True
llm_only,c10-affine-strict,False,False
llm_only,c11-nested-equalities,True,True
llm_only,c12-nested-contradiction,False,False
llm_only,c13-else-zero,True,True
llm_only,c14-else-nonzero,False,False
llm_only,c15-modulo-zero,True,True
llm_only,c16-modulo-guarded,False,False
llm_only,c17-assignment-zero,True,True
llm_only,c18-assignment-guarded,False,False
llm_only,c19-two-variable-equal,True,True
llm_only,c20-two-variable-unequal,False,False
llm_only,c21-unconstrained,True,True
llm_only,c22-bitwise-nonzero,False,False
llm_only,c23-loop-to-zero,True,True
llm_only,c24-loop-guarded,False,False
symbolic_only,c01-constant-zero,True,True
symbolic_only,c02-constant-nonzero,False,False
symbolic_only,c03-guarded-equal,True,True
symbolic_only,c04-guarded-return,False,False
symbolic_only,c05-opposing-bounds,True,True
symbolic_only,c06-impossible-bounds,False,False
symbolic_only,c07-difference-equal,True,True
symbolic_only,c08-difference-unequal,False,False
symbolic_only,c09-affine-boundary,True,True
symbolic_only,c10-affine-strict,False,False
symbolic_only,c11-nested-equalities,True,True
symbolic_only,c12-nested-contradiction,False,False
symbolic_only,c13-else-zero,True,True
symbolic_only,c14-else-nonzero,False,False
symbolic_only,c15-modulo-zero,True,True
symbolic_only,c16-modulo-guarded,False,False
symbolic_only,c17-assignment-zero,True,True
symbolic_only,c18-assignment-guarded,False,False
symbolic_only,c19-two-variable-equal,True,True
symbolic_only,c20-two-variable-unequal,False,False
symbolic_only,c21-unconstrained,True,True
symbolic_only,c22-bitwise-nonzero,False,False
symbolic_only,c23-loop-to-zero,True,True
symbolic_only,c24-loop-guarded,False,False
